sigma_C1(A),sigma_H1,epsilon_C1(K),epsilon_H1
3.726699841772199,2.569446100985295,71.73508265569421,4.53179013137165
