sigma_C1(A),sigma_H1,epsilon_C1(K),epsilon_H1
3.810015297830543,2.316436485908808,52.20082568065277,6.157530985944937
