sigma_C1(A),sigma_F1,epsilon_C1(K),epsilon_F1
3.4895482012148435,2.917216063390504,36.246581269369244,29.068536341766947
