sigma_C1(A),sigma_F1,sigma_H1,epsilon_C1(K),epsilon_F1,epsilon_H1
3.261855496961485,3.225184763020838,2.24519813299968,66.83814527840707,48.89729172233189,9.080944720877245
